song_a,album_a,song_b,album_b,similarity
Lose You To Love Me,Rare (Target Exclusive),Feel Me,Rare (Bonus Track Version),0.6902
Lose You To Love Me,Rare (Target Exclusive),Only You,13 Reasons Why (Season 1),0.6295
Lose You To Love Me,Rare (Target Exclusive),Love Will Remember,Stars Dance,0.6096
Lose You To Love Me,Rare (Target Exclusive),Forget Forever,Stars Dance,0.6937
Lose You To Love Me,Rare (Target Exclusive),Sad Serenade,Unreleased Songs,0.6153
Lose You To Love Me,Rare (Target Exclusive),Lover In Me,Stars Dance,0.6172
Lose You To Love Me,Rare (Target Exclusive),Back to You (Riton & Kah-Lo Remix),Helix (Volume 2),0.6105
Lose You To Love Me,Rare (Target Exclusive),Music Feels Better,Stars Dance,0.6263
Lose You To Love Me,Rare (Target Exclusive),Praise You,Unreleased Songs,0.6035
Lose You To Love Me,Rare (Target Exclusive),Forget Forever (ST£FAN Remix),For You,0.6963
Lose You To Love Me,Rare (Target Exclusive),A Year Without Rain (Dave Audé Radio Remix),For You,0.63
Lose You To Love Me,Rare (Target Exclusive),Lose You To Love Me (Demo Version),,0.9812
Lose You To Love Me,Rare (Target Exclusive),Wolves,,0.6128
Lose You To Love Me,Rare (Target Exclusive),Feel Me (Demo),Unreleased Songs,0.6294
Lose You To Love Me,Rare (Target Exclusive),Feel Me (Live from Revival Tour),,0.6902
Lose You To Love Me,Rare (Target Exclusive),Back To You (Kennedy Remix),,0.6053
Lose You To Love Me,Rare (Target Exclusive),My World,,0.6791
Lose You To Love Me,Rare (Target Exclusive),Stay Alive,,0.6251
Back to You,Rare (Target Exclusive),The Heart Wants What It Wants,For You,0.646
Back to You,Rare (Target Exclusive),Feel Me,Rare (Bonus Track Version),0.6181
Back to You,Rare (Target Exclusive),Same Old Love,Revival,0.6042
Back to You,Rare (Target Exclusive),Vulnerable,Rare (Target Exclusive),0.6
Back to You,Rare (Target Exclusive),People You Know,Rare (Target Exclusive),0.6295
Back to You,Rare (Target Exclusive),Only You,13 Reasons Why (Season 1),0.6316
Back to You,Rare (Target Exclusive),Cut You Off,Rare (Target Exclusive),0.6531
Back to You,Rare (Target Exclusive),Kinda Crazy,Rare (Target Exclusive),0.6345
Back to You,Rare (Target Exclusive),Camouflage,Revival,0.7059
Back to You,Rare (Target Exclusive),Same Old Love (Remix),,0.6021
Back to You,Rare (Target Exclusive),Forget Forever,Stars Dance,0.6472
Back to You,Rare (Target Exclusive),Nobody Does It Like You,Stars Dance,0.6106
Back to You,Rare (Target Exclusive),I Like It That Way,Stars Dance,0.6594
Back to You,Rare (Target Exclusive),Back to You (Riton & Kah-Lo Remix),Helix (Volume 2),0.7458
Back to You,Rare (Target Exclusive),Out Of My Head,Unreleased Songs,0.6454
Back to You,Rare (Target Exclusive),Give You Up,Unreleased Songs,0.646
Back to You,Rare (Target Exclusive),Bang A Drum,Another Cinderella Story - EP,0.6017
Back to You,Rare (Target Exclusive),Forget Forever (ST£FAN Remix),For You,0.6431
Back to You,Rare (Target Exclusive),Magical,Wizards of Waverly Place (Songs From & Inspired By the TV Series & Movie),0.6663
Back to You,Rare (Target Exclusive),Great Escape,Unreleased Songs,0.6009
Back to You,Rare (Target Exclusive),Back to You (Anki Remix),,0.9254
Back to You,Rare (Target Exclusive),Feel Me (Live from Revival Tour),,0.6181
Back to You,Rare (Target Exclusive),Back To You (Kennedy Remix),,0.9304
Back to You,Rare (Target Exclusive),Same Old Love (Borgore Remix),Same Old Love (Remixes),0.623
Back to You,Rare (Target Exclusive),Same Old Love (Filous Remix),Same Old Love (Remixes),0.6246
Back to You,Rare (Target Exclusive),Same Old Love (Romos Remix),Same Old Love (Remixes),0.6187
Back to You,Rare (Target Exclusive),Back To You (Nightcore Remix),,0.9793
Back to You,Rare (Target Exclusive),The Heart Wants What It Wants (Nightcore Remix),,0.646
Back to You,Rare (Target Exclusive),Same Old Love (Wuki Remix),Same Old Love (Remixes),0.6183
Fetish,Rare (Target Exclusive),Good for You,Revival,0.663
Fetish,Rare (Target Exclusive),Same Old Love,Revival,0.6684
Fetish,Rare (Target Exclusive),Me & The Rhythm,Revival,0.6086
Fetish,Rare (Target Exclusive),Can’t Steal Our Love,Unreleased Songs,0.6767
Fetish,Rare (Target Exclusive),Same Old Love (Remix),,0.6753
Fetish,Rare (Target Exclusive),Back to You (Riton & Kah-Lo Remix),Helix (Volume 2),0.6497
Fetish,Rare (Target Exclusive),Expressing Myself,Unreleased Songs,0.6894
Fetish,Rare (Target Exclusive),Congratulations to Me,Unreleased Songs,0.6099
Fetish,Rare (Target Exclusive),Fetish (Galantis Remix),Helix (Volume 1),0.9833
Fetish,Rare (Target Exclusive),You Don’t Own Me (Cover) / Me & My Girls,,0.6133
Fetish,Rare (Target Exclusive),Unfamiliar (Demo),Unreleased Songs,0.6328
Fetish,Rare (Target Exclusive),Good For You (Kasbo Remix),Good for You (Remixes),0.7116
Fetish,Rare (Target Exclusive),Good For You (AKZEL Remix),,0.6304
Fetish,Rare (Target Exclusive),Good For You (Phantoms Remix),,0.636
Fetish,Rare (Target Exclusive),Good For You (Nebbra Remix),Good for You (Remixes),0.6926
Fetish,Rare (Target Exclusive),Fetish (Single Version),,0.8658
Fetish,Rare (Target Exclusive),Good For You (Yellow Claw & Cesqeaux Remix),Good for You (Remixes),0.6486
Fetish,Rare (Target Exclusive),Same Old Love (Borgore Remix),Same Old Love (Remixes),0.684
Fetish,Rare (Target Exclusive),Same Old Love (Filous Remix),Same Old Love (Remixes),0.6854
Fetish,Rare (Target Exclusive),Same Old Love (Romos Remix),Same Old Love (Remixes),0.666
Fetish,Rare (Target Exclusive),Same Old Love (Wuki Remix),Same Old Love (Remixes),0.6886
Good for You,Revival,Same Old Love,Revival,0.641
Good for You,Revival,Me & The Rhythm,Revival,0.6143
Good for You,Revival,Can’t Steal Our Love,Unreleased Songs,0.6296
Good for You,Revival,Same Old Love (Remix),,0.6054
Good for You,Revival,Back to You (Riton & Kah-Lo Remix),Helix (Volume 2),0.612
Good for You,Revival,Expressing Myself,Unreleased Songs,0.7206
Good for You,Revival,Congratulations to Me,Unreleased Songs,0.6483
Good for You,Revival,Fetish (Galantis Remix),Helix (Volume 1),0.6751
Good for You,Revival,Unfamiliar (Demo),Unreleased Songs,0.6462
Good for You,Revival,Love’s Not Over,Unreleased Songs,0.661
Good for You,Revival,Good For You (Kasbo Remix),Good for You (Remixes),0.8999
Good for You,Revival,Good for You (Single Version),,0.9524
Good for You,Revival,Good For You (AKZEL Remix),,0.8741
Good for You,Revival,Good For You (Phantoms Remix),,0.8814
Good for You,Revival,Good For You (Nebbra Remix),Good for You (Remixes),0.9533
Good for You,Revival,Good For You (Yellow Claw & Cesqeaux Remix),Good for You (Remixes),0.8798
Good for You,Revival,Same Old Love (Borgore Remix),Same Old Love (Remixes),0.632
Good for You,Revival,Same Old Love (Filous Remix),Same Old Love (Remixes),0.6421
Good for You,Revival,Same Old Love (Wuki Remix),Same Old Love (Remixes),0.624
The Heart Wants What It Wants,For You,Vulnerable,Rare (Target Exclusive),0.6462
The Heart Wants What It Wants,For You,Camouflage,Revival,0.6435
The Heart Wants What It Wants,For You,Body Heat,Revival,0.6293
The Heart Wants What It Wants,For You,Wild Love,Unreleased Songs,0.6389
The Heart Wants What It Wants,For You,Give You Up,Unreleased Songs,1.0
The Heart Wants What It Wants,For You,Make It Happen,,0.6293
The Heart Wants What It Wants,For You,Back to You (Anki Remix),,0.625
The Heart Wants What It Wants,For You,Back To You (Kennedy Remix),,0.649
The Heart Wants What It Wants,For You,Back To You (Nightcore Remix),,0.6167
The Heart Wants What It Wants,For You,The Heart Wants What It Wants (Nightcore Remix),,1.0
Hands to Myself,Revival,Hands to Myself (Betablock3r Remix),Hands to Myself (Remixes),0.9739
Hands to Myself,Revival,Hands to Myself (Fareoh Remix),Hands to Myself (Remixes),0.9345
Feel Me,Rare (Bonus Track Version),Vulnerable,Rare (Target Exclusive),0.6012
Feel Me,Rare (Bonus Track Version),Only You,13 Reasons Why (Season 1),0.6561
Feel Me,Rare (Bonus Track Version),Let Me Get Me,Rare (Target Exclusive),0.6057
Feel Me,Rare (Bonus Track Version),Camouflage,Revival,0.6428
Feel Me,Rare (Bonus Track Version),Nobody,Revival,0.6305
Feel Me,Rare (Bonus Track Version),Me & The Rhythm,Revival,0.6407
Feel Me,Rare (Bonus Track Version),Cologne,Revival,0.7096
Feel Me,Rare (Bonus Track Version),Body Heat,Revival,0.6054
Feel Me,Rare (Bonus Track Version),Undercover,Stars Dance,0.6254
Feel Me,Rare (Bonus Track Version),Forget Forever,Stars Dance,0.6478
Feel Me,Rare (Bonus Track Version),Save the Day,Stars Dance,0.6974
Feel Me,Rare (Bonus Track Version),I Like It That Way,Stars Dance,0.622
Feel Me,Rare (Bonus Track Version),Sad Serenade,Unreleased Songs,0.6216
Feel Me,Rare (Bonus Track Version),Lover In Me,Stars Dance,0.6502
Feel Me,Rare (Bonus Track Version),Back to You (Riton & Kah-Lo Remix),Helix (Volume 2),0.6529
Feel Me,Rare (Bonus Track Version),Music Feels Better,Stars Dance,0.6563
Feel Me,Rare (Bonus Track Version),Praise You,Unreleased Songs,0.6089
Feel Me,Rare (Bonus Track Version),Forget Forever (ST£FAN Remix),For You,0.6564
Feel Me,Rare (Bonus Track Version),A Year Without Rain (Dave Audé Radio Remix),For You,0.653
Feel Me,Rare (Bonus Track Version),Redlight,,0.6254
Feel Me,Rare (Bonus Track Version),Lose You To Love Me (Demo Version),,0.6869
Feel Me,Rare (Bonus Track Version),Great Escape,Unreleased Songs,0.6922
Feel Me,Rare (Bonus Track Version),Come & Get It (Cosmic Dawn Club Remix),Slow Down - EP,0.6418
Feel Me,Rare (Bonus Track Version),Feel Me (Demo),Unreleased Songs,0.9023
Feel Me,Rare (Bonus Track Version),Feel Me (Live from Revival Tour),,1.0
Feel Me,Rare (Bonus Track Version),Come & Get It (Jump Smokers Extended Remix),Stars Dance,0.629
Feel Me,Rare (Bonus Track Version),Back To You (Kennedy Remix),,0.6478
Feel Me,Rare (Bonus Track Version),Slow Down (Smash Mode Remix),Slow Down (Remixes),0.6069
Feel Me,Rare (Bonus Track Version),Slow Down (Jason Nevins Remix),Slow Down (Remixes),0.6165
Feel Me,Rare (Bonus Track Version),Come & Get It (Cahill Club Remix),Come & Get It (Remixes),0.607
Feel Me,Rare (Bonus Track Version),Back To You (Nightcore Remix),,0.6073
Feel Me,Rare (Bonus Track Version),Stay Alive,,0.606
Feel Me,Rare (Bonus Track Version),Come & Get It (Dave Audé Club Remix),Come & Get It (Remixes),0.6167
Feel Me,Rare (Bonus Track Version),Come & Get It (Fred Falke Club Remix),Come & Get It (Remixes),0.642
Same Old Love,Revival,Me & The Rhythm,Revival,0.6421
Same Old Love,Revival,Can’t Steal Our Love,Unreleased Songs,0.6767
Same Old Love,Revival,Same Old Love (Remix),,0.9018
Same Old Love,Revival,Back to You (Riton & Kah-Lo Remix),Helix (Volume 2),0.7632
Same Old Love,Revival,Expressing Myself,Unreleased Songs,0.7722
Same Old Love,Revival,Congratulations to Me,Unreleased Songs,0.6044
Same Old Love,Revival,Fetish (Galantis Remix),Helix (Volume 1),0.6708
Same Old Love,Revival,You Don’t Own Me (Cover) / Me & My Girls,,0.6373
Same Old Love,Revival,Unfamiliar (Demo),Unreleased Songs,0.6473
Same Old Love,Revival,Love’s Not Over,Unreleased Songs,0.6316
Same Old Love,Revival,Good For You (Kasbo Remix),Good for You (Remixes),0.6445
Same Old Love,Revival,Good For You (Nebbra Remix),Good for You (Remixes),0.6444
Same Old Love,Revival,Love Will Remember (Demo),Unreleased Songs,0.6305
Same Old Love,Revival,Good For You (Yellow Claw & Cesqeaux Remix),Good for You (Remixes),0.6545
Same Old Love,Revival,Same Old Love (Borgore Remix),Same Old Love (Remixes),0.9403
Same Old Love,Revival,Same Old Love (Filous Remix),Same Old Love (Remixes),0.9203
Same Old Love,Revival,Same Old Love (Romos Remix),Same Old Love (Remixes),0.933
Same Old Love,Revival,Same Old Love (Wuki Remix),Same Old Love (Remixes),0.936
Rare,Rare (Target Exclusive),Rare (Live From The Village Studio),,0.9786
Rare,Rare (Target Exclusive),Rare (80's Version),,0.9772
Vulnerable,Rare (Target Exclusive),Give You Up,Unreleased Songs,0.6462
Vulnerable,Rare (Target Exclusive),Back to You (Anki Remix),,0.6183
Vulnerable,Rare (Target Exclusive),Feel Me (Live from Revival Tour),,0.6012
Vulnerable,Rare (Target Exclusive),Back To You (Kennedy Remix),,0.6328
Vulnerable,Rare (Target Exclusive),The Heart Wants What It Wants (Nightcore Remix),,0.6462
Kill Em With Kindness,Revival,Kill Em With Kindness (Acoustic),,0.9714
Kill Em With Kindness,Revival,Kill Em with Kindness (Felix Cartal Remix),Kill Em With Kindness (Remixes),1.0
Kill Em With Kindness,Revival,Kill Em With Kindness (MAGIX Radio Edit),,0.9728
Kill Em With Kindness,Revival,Kill Em with Kindness (River Tiber Remix),Kill Em With Kindness (Remixes),1.0
Kill Em With Kindness,Revival,Kill Em with Kindness (Young Bombs Remix),Kill Em With Kindness (Remixes),1.0
Ring,Rare (Target Exclusive),Kinda Crazy,Rare (Target Exclusive),0.6037
Ring,Rare (Target Exclusive),Body Heat,Revival,0.6036
Ring,Rare (Target Exclusive),Bang A Drum,Another Cinderella Story - EP,0.6034
Ring,Rare (Target Exclusive),Bang,Unreleased Songs,0.6095
People You Know,Rare (Target Exclusive),Only You,13 Reasons Why (Season 1),0.6123
People You Know,Rare (Target Exclusive),Camouflage,Revival,0.6246
People You Know,Rare (Target Exclusive),Back to You (Anki Remix),,0.6119
People You Know,Rare (Target Exclusive),Back To You (Kennedy Remix),,0.6159
People You Know,Rare (Target Exclusive),Back To You (Nightcore Remix),,0.6156
Only You,13 Reasons Why (Season 1),Camouflage,Revival,0.614
Only You,13 Reasons Why (Season 1),Love Will Remember,Stars Dance,0.6322
Only You,13 Reasons Why (Season 1),Cologne,Revival,0.6222
Only You,13 Reasons Why (Season 1),Forget Forever,Stars Dance,0.6852
Only You,13 Reasons Why (Season 1),Sad Serenade,Unreleased Songs,0.6235
Only You,13 Reasons Why (Season 1),Back to You (Riton & Kah-Lo Remix),Helix (Volume 2),0.6263
Only You,13 Reasons Why (Season 1),Forget Forever (ST£FAN Remix),For You,0.6932
Only You,13 Reasons Why (Season 1),Magical,Wizards of Waverly Place (Songs From & Inspired By the TV Series & Movie),0.6291
Only You,13 Reasons Why (Season 1),A Year Without Rain (Dave Audé Radio Remix),For You,0.6363
Only You,13 Reasons Why (Season 1),Lose You To Love Me (Demo Version),,0.6301
Only You,13 Reasons Why (Season 1),Feel Me (Demo),Unreleased Songs,0.6017
Only You,13 Reasons Why (Season 1),Back to You (Anki Remix),,0.6167
Only You,13 Reasons Why (Season 1),Feel Me (Live from Revival Tour),,0.6561
Only You,13 Reasons Why (Season 1),Back To You (Kennedy Remix),,0.6647
Only You,13 Reasons Why (Season 1),Back To You (Nightcore Remix),,0.6102
Only You,13 Reasons Why (Season 1),My World,,0.6512
A Sweeter Place,Rare (Target Exclusive),Same Old Love (Remix),,0.6266
A Sweeter Place,Rare (Target Exclusive),Back to You (Riton & Kah-Lo Remix),Helix (Volume 2),0.6204
A Sweeter Place,Rare (Target Exclusive),Expressing Myself,Unreleased Songs,0.6621
A Sweeter Place,Rare (Target Exclusive),Same Old Love (Borgore Remix),Same Old Love (Remixes),0.6154
A Sweeter Place,Rare (Target Exclusive),Same Old Love (Filous Remix),Same Old Love (Remixes),0.6214
A Sweeter Place,Rare (Target Exclusive),Same Old Love (Romos Remix),Same Old Love (Remixes),0.6052
A Sweeter Place,Rare (Target Exclusive),Same Old Love (Wuki Remix),Same Old Love (Remixes),0.6171
De Una Vez,Revelación - EP,Bidi Bidi Bom Bom,For You,0.6183
Cut You Off,Rare (Target Exclusive),Sober,Revival,0.687
Cut You Off,Rare (Target Exclusive),I Like It That Way,Stars Dance,0.6032
Cut You Off,Rare (Target Exclusive),Back to You (Riton & Kah-Lo Remix),Helix (Volume 2),0.6067
Cut You Off,Rare (Target Exclusive),Out Of My Head,Unreleased Songs,0.6302
Cut You Off,Rare (Target Exclusive),Back to You (Anki Remix),,0.6436
Cut You Off,Rare (Target Exclusive),Back To You (Kennedy Remix),,0.6577
Cut You Off,Rare (Target Exclusive),Back To You (Nightcore Remix),,0.6535
Perfect,Revival,Perfect (Unreleased),,0.9976
Dance Again,Rare (Target Exclusive),Let Me Get Me,Rare (Target Exclusive),0.6316
Come & Get It,Stars Dance,Come & Get It (Cosmic Dawn Club Remix),Slow Down - EP,0.9212
Come & Get It,Stars Dance,Come & Get It (Jump Smokers Extended Remix),Stars Dance,0.9289
Come & Get It,Stars Dance,Come & Get It (Cahill Club Remix),Come & Get It (Remixes),0.9637
Come & Get It,Stars Dance,Come & Get It (Robert DeLong Remix),Come & Get It (Remixes),0.7698
Come & Get It,Stars Dance,Come & Get It (Dave Audé Club Remix),Come & Get It (Remixes),0.9684
Come & Get It,Stars Dance,Come & Get It (DJ M3 Mixshow Extended Remix),Come & Get It (Remixes),1.0
Come & Get It,Stars Dance,Come & Get It (Fred Falke Club Remix),Come & Get It (Remixes),0.9027
Sober,Revival,I Like It That Way,Stars Dance,0.601
Let Me Get Me,Rare (Target Exclusive),Me & The Rhythm,Revival,0.6228
Let Me Get Me,Rare (Target Exclusive),Save the Day,Stars Dance,0.6063
Let Me Get Me,Rare (Target Exclusive),Great Escape,Unreleased Songs,0.6596
Let Me Get Me,Rare (Target Exclusive),Feel Me (Live from Revival Tour),,0.6057
Let Me Get Me,Rare (Target Exclusive),Slow Down (Jason Nevins Remix),Slow Down (Remixes),0.6027
Kinda Crazy,Rare (Target Exclusive),Nobody Does It Like You,Stars Dance,0.6217
Kinda Crazy,Rare (Target Exclusive),Back To You (Nightcore Remix),,0.6371
Everything Is Not As It Seems,Wizards of Waverly Place (Songs From & Inspired By the TV Series & Movie),Everything Is Not What It Seems (Wizards of Waverly Place Full Theme Song),Disney Channel Playlist,0.8232
Slow Down,Stars Dance,Me & The Rhythm,Revival,0.6169
Slow Down,Stars Dance,Shake It Up,Shake It Up: Break It Down ,0.6508
Slow Down,Stars Dance,Nobody Does It Like You,Stars Dance,0.6004
Slow Down,Stars Dance,Praise You,Unreleased Songs,0.6152
Slow Down,Stars Dance,Shake It Up (Theme Song) [Cole Plante Reboot Remix],Shake It Up: I ♡ Dance,0.6553
Slow Down,Stars Dance,Redlight,,0.6262
Slow Down,Stars Dance,Bang,Unreleased Songs,0.6322
Slow Down,Stars Dance,Great Escape,Unreleased Songs,0.6128
Slow Down,Stars Dance,Slow Down (Paolo Ortelli & Luke Degree Remix),Slow Down (Remixes),0.997
Slow Down,Stars Dance,Come & Get It (Cosmic Dawn Club Remix),Slow Down - EP,0.6174
Slow Down,Stars Dance,Slow Down (Chew Fu Refix),Slow Down (Remixes),0.9284
Slow Down,Stars Dance,Slow Down (Smash Mode Remix),Slow Down (Remixes),0.9216
Slow Down,Stars Dance,Slow Down (DJLW Remix),Slow Down (Remixes),0.997
Slow Down,Stars Dance,Slow Down (Jason Nevins Remix),Slow Down (Remixes),0.9861
Slow Down,Stars Dance,Slow Down (Danny Verde Remix),Slow Down (Remixes),0.874
Slow Down,Stars Dance,Come & Get It (Fred Falke Club Remix),Come & Get It (Remixes),0.6077
Me & My Girls,Revival,Undercover,Stars Dance,0.6119
Me & My Girls,Revival,You Don’t Own Me (Cover) / Me & My Girls,,0.8454
Camouflage,Revival,Love Will Remember,Stars Dance,0.6199
Camouflage,Revival,Cologne,Revival,0.6763
Camouflage,Revival,Same Old Love (Remix),,0.6064
Camouflage,Revival,Forget Forever,Stars Dance,0.6211
Camouflage,Revival,Nobody Does It Like You,Stars Dance,0.6029
Camouflage,Revival,Wild Love,Unreleased Songs,0.6004
Camouflage,Revival,Sad Serenade,Unreleased Songs,0.6014
Camouflage,Revival,Back to You (Riton & Kah-Lo Remix),Helix (Volume 2),0.6797
Camouflage,Revival,Give You Up,Unreleased Songs,0.6435
Camouflage,Revival,Forget Forever (ST£FAN Remix),For You,0.6171
Camouflage,Revival,Magical,Wizards of Waverly Place (Songs From & Inspired By the TV Series & Movie),0.6027
Camouflage,Revival,Great Escape,Unreleased Songs,0.6331
Camouflage,Revival,Back to You (Anki Remix),,0.6454
Camouflage,Revival,Feel Me (Live from Revival Tour),,0.6428
Camouflage,Revival,Back To You (Kennedy Remix),,0.7002
Camouflage,Revival,Same Old Love (Borgore Remix),Same Old Love (Remixes),0.6235
Camouflage,Revival,Same Old Love (Filous Remix),Same Old Love (Remixes),0.6136
Camouflage,Revival,Same Old Love (Romos Remix),Same Old Love (Remixes),0.6336
Camouflage,Revival,Back To You (Nightcore Remix),,0.6925
Camouflage,Revival,The Heart Wants What It Wants (Nightcore Remix),,0.6435
Camouflage,Revival,Same Old Love (Wuki Remix),Same Old Love (Remixes),0.6218
Nobody,Revival,Undercover,Stars Dance,0.6041
Nobody,Revival,Nobody Does It Like You,Stars Dance,0.6265
Nobody,Revival,Feel Me (Live from Revival Tour),,0.6305
Me & The Rhythm,Revival,Cologne,Revival,0.6163
Me & The Rhythm,Revival,Body Heat,Revival,0.6293
Me & The Rhythm,Revival,Undercover,Stars Dance,0.6315
Me & The Rhythm,Revival,Same Old Love (Remix),,0.6274
Me & The Rhythm,Revival,Back to You (Riton & Kah-Lo Remix),Helix (Volume 2),0.616
Me & The Rhythm,Revival,Expressing Myself,Unreleased Songs,0.6655
Me & The Rhythm,Revival,Fetish (Galantis Remix),Helix (Volume 1),0.6099
Me & The Rhythm,Revival,You Don’t Own Me (Cover) / Me & My Girls,,0.636
Me & The Rhythm,Revival,Slow Down (Paolo Ortelli & Luke Degree Remix),Slow Down (Remixes),0.6145
Me & The Rhythm,Revival,Feel Me (Live from Revival Tour),,0.6407
Me & The Rhythm,Revival,Slow Down (Smash Mode Remix),Slow Down (Remixes),0.6135
Me & The Rhythm,Revival,Slow Down (DJLW Remix),Slow Down (Remixes),0.6145
Me & The Rhythm,Revival,Good For You (Yellow Claw & Cesqeaux Remix),Good for You (Remixes),0.6097
Me & The Rhythm,Revival,Same Old Love (Borgore Remix),Same Old Love (Remixes),0.6376
Me & The Rhythm,Revival,Slow Down (Jason Nevins Remix),Slow Down (Remixes),0.6187
Me & The Rhythm,Revival,Same Old Love (Filous Remix),Same Old Love (Remixes),0.6389
Me & The Rhythm,Revival,Same Old Love (Romos Remix),Same Old Love (Remixes),0.6305
Me & The Rhythm,Revival,Same Old Love (Wuki Remix),Same Old Love (Remixes),0.6315
Love Will Remember,Stars Dance,Forget Forever,Stars Dance,0.7215
Love Will Remember,Stars Dance,Sad Serenade,Unreleased Songs,0.6249
Love Will Remember,Stars Dance,Forget Forever (ST£FAN Remix),For You,0.7215
Love Will Remember,Stars Dance,Magical,Wizards of Waverly Place (Songs From & Inspired By the TV Series & Movie),0.6185
Love Will Remember,Stars Dance,Lose You To Love Me (Demo Version),,0.616
Love Will Remember,Stars Dance,Love Will Remember (Demo),Unreleased Songs,0.7724
Love Will Remember,Stars Dance,My World,,0.6011
Cologne,Revival,Forget Forever,Stars Dance,0.607
Cologne,Revival,Save the Day,Stars Dance,0.6231
Cologne,Revival,Forget Forever (ST£FAN Remix),For You,0.6166
Cologne,Revival,A Year Without Rain (Dave Audé Radio Remix),For You,0.6287
Cologne,Revival,Great Escape,Unreleased Songs,0.668
Cologne,Revival,Feel Me (Demo),Unreleased Songs,0.6636
Cologne,Revival,Feel Me (Live from Revival Tour),,0.7096
Shake It Up,Shake It Up: Break It Down ,Like A Champion,Stars Dance,0.6073
Shake It Up,Shake It Up: Break It Down ,Bang A Drum,Another Cinderella Story - EP,0.6411
Shake It Up,Shake It Up: Break It Down ,Shake It Up (Theme Song) [Cole Plante Reboot Remix],Shake It Up: I ♡ Dance,0.9404
Shake It Up,Shake It Up: Break It Down ,Bang,Unreleased Songs,0.6687
Shake It Up,Shake It Up: Break It Down ,Slow Down (Paolo Ortelli & Luke Degree Remix),Slow Down (Remixes),0.6539
Shake It Up,Shake It Up: Break It Down ,Slow Down (Chew Fu Refix),Slow Down (Remixes),0.6657
Shake It Up,Shake It Up: Break It Down ,Slow Down (DJLW Remix),Slow Down (Remixes),0.6539
Shake It Up,Shake It Up: Break It Down ,Good For You (Yellow Claw & Cesqeaux Remix),Good for You (Remixes),0.6079
Shake It Up,Shake It Up: Break It Down ,Slow Down (Jason Nevins Remix),Slow Down (Remixes),0.6526
Shake It Up,Shake It Up: Break It Down ,Come & Get It (Fred Falke Club Remix),Come & Get It (Remixes),0.6177
Body Heat,Revival,Music Feels Better,Stars Dance,0.6405
Body Heat,Revival,Give You Up,Unreleased Songs,0.6293
Body Heat,Revival,Redlight,,0.6046
Body Heat,Revival,Feel Me (Live from Revival Tour),,0.6054
Body Heat,Revival,Slow Down (Chew Fu Refix),Slow Down (Remixes),0.6147
Body Heat,Revival,Come & Get It (Jump Smokers Extended Remix),Stars Dance,0.6027
Body Heat,Revival,Slow Down (Smash Mode Remix),Slow Down (Remixes),0.6039
Body Heat,Revival,Slow Down (Jason Nevins Remix),Slow Down (Remixes),0.6162
Body Heat,Revival,The Heart Wants What It Wants (Nightcore Remix),,0.6293
Outta My Hands (Loco),Revival,Nobody Does It Like You,Stars Dance,0.6041
Can’t Steal Our Love,Unreleased Songs,Same Old Love (Remix),,0.6702
Can’t Steal Our Love,Unreleased Songs,Back to You (Riton & Kah-Lo Remix),Helix (Volume 2),0.6533
Can’t Steal Our Love,Unreleased Songs,Expressing Myself,Unreleased Songs,0.696
Can’t Steal Our Love,Unreleased Songs,Fetish (Galantis Remix),Helix (Volume 1),0.6778
Can’t Steal Our Love,Unreleased Songs,You Don’t Own Me (Cover) / Me & My Girls,,0.6295
Can’t Steal Our Love,Unreleased Songs,Unfamiliar (Demo),Unreleased Songs,0.7062
Can’t Steal Our Love,Unreleased Songs,Love’s Not Over,Unreleased Songs,0.6619
Can’t Steal Our Love,Unreleased Songs,Good For You (Kasbo Remix),Good for You (Remixes),0.6663
Can’t Steal Our Love,Unreleased Songs,Good For You (AKZEL Remix),,0.6051
Can’t Steal Our Love,Unreleased Songs,Good For You (Phantoms Remix),,0.603
Can’t Steal Our Love,Unreleased Songs,Good For You (Nebbra Remix),Good for You (Remixes),0.6271
Can’t Steal Our Love,Unreleased Songs,Good For You (Yellow Claw & Cesqeaux Remix),Good for You (Remixes),0.652
Can’t Steal Our Love,Unreleased Songs,Same Old Love (Borgore Remix),Same Old Love (Remixes),0.7033
Can’t Steal Our Love,Unreleased Songs,Same Old Love (Filous Remix),Same Old Love (Remixes),0.718
Can’t Steal Our Love,Unreleased Songs,Same Old Love (Romos Remix),Same Old Love (Remixes),0.6909
Can’t Steal Our Love,Unreleased Songs,Same Old Love (Wuki Remix),Same Old Love (Remixes),0.7074
Stars Dance,Stars Dance,Praise You,Unreleased Songs,0.6067
Undercover,Stars Dance,Nobody Does It Like You,Stars Dance,0.6295
Undercover,Stars Dance,Lover In Me,Stars Dance,0.6019
Undercover,Stars Dance,You Don’t Own Me (Cover) / Me & My Girls,,0.6431
Undercover,Stars Dance,Redlight,,0.609
Undercover,Stars Dance,Bang,Unreleased Songs,0.639
Undercover,Stars Dance,Feel Me (Live from Revival Tour),,0.6254
Undercover,Stars Dance,Slow Down (Chew Fu Refix),Slow Down (Remixes),0.6006
Kill Em With Kindness (Acoustic),,Kill Em with Kindness (Felix Cartal Remix),Kill Em With Kindness (Remixes),0.9714
Kill Em With Kindness (Acoustic),,Kill Em With Kindness (MAGIX Radio Edit),,0.952
Kill Em With Kindness (Acoustic),,Kill Em with Kindness (River Tiber Remix),Kill Em With Kindness (Remixes),0.9714
Kill Em With Kindness (Acoustic),,Kill Em with Kindness (Young Bombs Remix),Kill Em With Kindness (Remixes),0.9714
Same Old Love (Remix),,Back to You (Riton & Kah-Lo Remix),Helix (Volume 2),0.7294
Same Old Love (Remix),,Expressing Myself,Unreleased Songs,0.7454
Same Old Love (Remix),,Fetish (Galantis Remix),Helix (Volume 1),0.6788
Same Old Love (Remix),,You Don’t Own Me (Cover) / Me & My Girls,,0.613
Same Old Love (Remix),,Unfamiliar (Demo),Unreleased Songs,0.6354
Same Old Love (Remix),,Love’s Not Over,Unreleased Songs,0.635
Same Old Love (Remix),,Good For You (Kasbo Remix),Good for You (Remixes),0.6221
Same Old Love (Remix),,Good For You (Nebbra Remix),Good for You (Remixes),0.6106
Same Old Love (Remix),,Good For You (Yellow Claw & Cesqeaux Remix),Good for You (Remixes),0.6452
Same Old Love (Remix),,Same Old Love (Borgore Remix),Same Old Love (Remixes),0.9223
Same Old Love (Remix),,Same Old Love (Filous Remix),Same Old Love (Remixes),0.8893
Same Old Love (Remix),,Same Old Love (Romos Remix),Same Old Love (Remixes),0.9277
Same Old Love (Remix),,Same Old Love (Wuki Remix),Same Old Love (Remixes),0.9328
Forget Forever,Stars Dance,Write Your Name,Stars Dance,0.6246
Forget Forever,Stars Dance,Lover In Me,Stars Dance,0.6237
Forget Forever,Stars Dance,Out Of My Head,Unreleased Songs,0.6235
Forget Forever,Stars Dance,Forget Forever (ST£FAN Remix),For You,0.9966
Forget Forever,Stars Dance,Magical,Wizards of Waverly Place (Songs From & Inspired By the TV Series & Movie),0.6585
Forget Forever,Stars Dance,A Year Without Rain (Dave Audé Radio Remix),For You,0.6076
Forget Forever,Stars Dance,Lose You To Love Me (Demo Version),,0.6873
Forget Forever,Stars Dance,Back to You (Anki Remix),,0.6139
Forget Forever,Stars Dance,Feel Me (Live from Revival Tour),,0.6478
Forget Forever,Stars Dance,Back To You (Kennedy Remix),,0.6671
Forget Forever,Stars Dance,Back To You (Nightcore Remix),,0.6316
Forget Forever,Stars Dance,My World,,0.7277
Like A Champion,Stars Dance,Shake It Up (Theme Song) [Cole Plante Reboot Remix],Shake It Up: I ♡ Dance,0.6106
Nobody Does It Like You,Stars Dance,Bad News*,,0.6108
Nobody Does It Like You,Stars Dance,I Like It That Way,Stars Dance,0.6303
Nobody Does It Like You,Stars Dance,Back to You (Riton & Kah-Lo Remix),Helix (Volume 2),0.602
Nobody Does It Like You,Stars Dance,Out Of My Head,Unreleased Songs,0.6056
Nobody Does It Like You,Stars Dance,Bang A Drum,Another Cinderella Story - EP,0.619
Nobody Does It Like You,Stars Dance,Bang,Unreleased Songs,0.6112
Nobody Does It Like You,Stars Dance,Slow Down (Paolo Ortelli & Luke Degree Remix),Slow Down (Remixes),0.6024
Nobody Does It Like You,Stars Dance,Back to You (Anki Remix),,0.6143
Nobody Does It Like You,Stars Dance,Slow Down (Chew Fu Refix),Slow Down (Remixes),0.6063
Nobody Does It Like You,Stars Dance,Back To You (Kennedy Remix),,0.6141
Nobody Does It Like You,Stars Dance,Slow Down (DJLW Remix),Slow Down (Remixes),0.6024
Nobody Does It Like You,Stars Dance,Good For You (Yellow Claw & Cesqeaux Remix),Good for You (Remixes),0.6029
Nobody Does It Like You,Stars Dance,Slow Down (Jason Nevins Remix),Slow Down (Remixes),0.6208
Nobody Does It Like You,Stars Dance,Back To You (Nightcore Remix),,0.6045
Save the Day,Stars Dance,Sad Serenade,Unreleased Songs,0.6209
Save the Day,Stars Dance,Great Escape,Unreleased Songs,0.6308
Save the Day,Stars Dance,Feel Me (Demo),Unreleased Songs,0.6382
Save the Day,Stars Dance,Feel Me (Live from Revival Tour),,0.6974
Save the Day,Stars Dance,Stay Alive,,0.6303
Write Your Name,Stars Dance,Sad Serenade,Unreleased Songs,0.6159
Write Your Name,Stars Dance,Forget Forever (ST£FAN Remix),For You,0.629
Wild Love,Unreleased Songs,Give You Up,Unreleased Songs,0.6389
Wild Love,Unreleased Songs,Forget Forever (ST£FAN Remix),For You,0.6024
Wild Love,Unreleased Songs,Back To You (Kennedy Remix),,0.6078
Wild Love,Unreleased Songs,The Heart Wants What It Wants (Nightcore Remix),,0.6389
I Like It That Way,Stars Dance,Lover In Me,Stars Dance,0.6775
I Like It That Way,Stars Dance,Back to You (Riton & Kah-Lo Remix),Helix (Volume 2),0.6079
I Like It That Way,Stars Dance,Music Feels Better,Stars Dance,0.6776
I Like It That Way,Stars Dance,Come & Get It (Cosmic Dawn Club Remix),Slow Down - EP,0.6482
I Like It That Way,Stars Dance,Back to You (Anki Remix),,0.6609
I Like It That Way,Stars Dance,Feel Me (Live from Revival Tour),,0.622
I Like It That Way,Stars Dance,Come & Get It (Jump Smokers Extended Remix),Stars Dance,0.6378
I Like It That Way,Stars Dance,Back To You (Kennedy Remix),,0.673
I Like It That Way,Stars Dance,Come & Get It (Cahill Club Remix),Come & Get It (Remixes),0.6056
I Like It That Way,Stars Dance,Back To You (Nightcore Remix),,0.6445
I Like It That Way,Stars Dance,Come & Get It (Fred Falke Club Remix),Come & Get It (Remixes),0.6446
Sad Serenade,Unreleased Songs,Back to You (Riton & Kah-Lo Remix),Helix (Volume 2),0.6864
Sad Serenade,Unreleased Songs,Forget Forever (ST£FAN Remix),For You,0.6003
Sad Serenade,Unreleased Songs,Magical,Wizards of Waverly Place (Songs From & Inspired By the TV Series & Movie),0.6222
Sad Serenade,Unreleased Songs,Lose You To Love Me (Demo Version),,0.6088
Sad Serenade,Unreleased Songs,Feel Me (Live from Revival Tour),,0.6216
Sad Serenade,Unreleased Songs,Back To You (Kennedy Remix),,0.6315
Sad Serenade,Unreleased Songs,Same Old Love (Filous Remix),Same Old Love (Remixes),0.6084
Fly to Your Heart,Tinker Bell - Songs from and Inspired By Disney Fairies,I Believe I Can Fly (Cover),,0.6206
Lover In Me,Stars Dance,Back to You (Riton & Kah-Lo Remix),Helix (Volume 2),0.6173
Lover In Me,Stars Dance,Forget Forever (ST£FAN Remix),For You,0.6237
Lover In Me,Stars Dance,Lose You To Love Me (Demo Version),,0.6102
Lover In Me,Stars Dance,Great Escape,Unreleased Songs,0.643
Lover In Me,Stars Dance,Back to You (Anki Remix),,0.6177
Lover In Me,Stars Dance,Feel Me (Live from Revival Tour),,0.6502
Lover In Me,Stars Dance,Back To You (Kennedy Remix),,0.6537
Lover In Me,Stars Dance,Slow Down (Smash Mode Remix),Slow Down (Remixes),0.6161
Back to You (Riton & Kah-Lo Remix),Helix (Volume 2),Out Of My Head,Unreleased Songs,0.6048
Back to You (Riton & Kah-Lo Remix),Helix (Volume 2),Expressing Myself,Unreleased Songs,0.729
Back to You (Riton & Kah-Lo Remix),Helix (Volume 2),Fetish (Galantis Remix),Helix (Volume 1),0.6422
Back to You (Riton & Kah-Lo Remix),Helix (Volume 2),Magical,Wizards of Waverly Place (Songs From & Inspired By the TV Series & Movie),0.6304
Back to You (Riton & Kah-Lo Remix),Helix (Volume 2),A Year Without Rain (Dave Audé Radio Remix),For You,0.6033
Back to You (Riton & Kah-Lo Remix),Helix (Volume 2),Unfamiliar (Demo),Unreleased Songs,0.7015
Back to You (Riton & Kah-Lo Remix),Helix (Volume 2),Lose You To Love Me (Demo Version),,0.6069
Back to You (Riton & Kah-Lo Remix),Helix (Volume 2),Great Escape,Unreleased Songs,0.6553
Back to You (Riton & Kah-Lo Remix),Helix (Volume 2),Back to You (Anki Remix),,0.7372
Back to You (Riton & Kah-Lo Remix),Helix (Volume 2),Good For You (Kasbo Remix),Good for You (Remixes),0.6247
Back to You (Riton & Kah-Lo Remix),Helix (Volume 2),Good For You (AKZEL Remix),,0.6003
Back to You (Riton & Kah-Lo Remix),Helix (Volume 2),Feel Me (Live from Revival Tour),,0.6529
Back to You (Riton & Kah-Lo Remix),Helix (Volume 2),Good For You (Nebbra Remix),Good for You (Remixes),0.6136
Back to You (Riton & Kah-Lo Remix),Helix (Volume 2),Back To You (Kennedy Remix),,0.8031
Back to You (Riton & Kah-Lo Remix),Helix (Volume 2),Love Will Remember (Demo),Unreleased Songs,0.634
Back to You (Riton & Kah-Lo Remix),Helix (Volume 2),Good For You (Yellow Claw & Cesqeaux Remix),Good for You (Remixes),0.6622
Back to You (Riton & Kah-Lo Remix),Helix (Volume 2),Same Old Love (Borgore Remix),Same Old Love (Remixes),0.792
Back to You (Riton & Kah-Lo Remix),Helix (Volume 2),Same Old Love (Filous Remix),Same Old Love (Remixes),0.7554
Back to You (Riton & Kah-Lo Remix),Helix (Volume 2),Same Old Love (Romos Remix),Same Old Love (Remixes),0.7863
Back to You (Riton & Kah-Lo Remix),Helix (Volume 2),Back To You (Nightcore Remix),,0.7356
Back to You (Riton & Kah-Lo Remix),Helix (Volume 2),Same Old Love (Wuki Remix),Same Old Love (Remixes),0.7902
Music Feels Better,Stars Dance,Redlight,,0.6162
Music Feels Better,Stars Dance,Lose You To Love Me (Demo Version),,0.6356
Music Feels Better,Stars Dance,Feel Me (Demo),Unreleased Songs,0.6255
Music Feels Better,Stars Dance,Feel Me (Live from Revival Tour),,0.6563
Music Feels Better,Stars Dance,Come & Get It (Jump Smokers Extended Remix),Stars Dance,0.6043
Out Of My Head,Unreleased Songs,Praise You,Unreleased Songs,0.6035
Out Of My Head,Unreleased Songs,Forget Forever (ST£FAN Remix),For You,0.6196
Out Of My Head,Unreleased Songs,Back to You (Anki Remix),,0.6521
Out Of My Head,Unreleased Songs,Back To You (Kennedy Remix),,0.6864
Out Of My Head,Unreleased Songs,Back To You (Nightcore Remix),,0.6478
Praise You,Unreleased Songs,A Year Without Rain (Dave Audé Radio Remix),For You,0.6127
Praise You,Unreleased Songs,Redlight,,0.6249
Praise You,Unreleased Songs,Slow Down (Paolo Ortelli & Luke Degree Remix),Slow Down (Remixes),0.6173
Praise You,Unreleased Songs,Come & Get It (Cosmic Dawn Club Remix),Slow Down - EP,0.6075
Praise You,Unreleased Songs,Wolves,,0.6029
Praise You,Unreleased Songs,Feel Me (Live from Revival Tour),,0.6089
Praise You,Unreleased Songs,Slow Down (Chew Fu Refix),Slow Down (Remixes),0.6056
Praise You,Unreleased Songs,Slow Down (Smash Mode Remix),Slow Down (Remixes),0.6215
Praise You,Unreleased Songs,Slow Down (DJLW Remix),Slow Down (Remixes),0.6173
Praise You,Unreleased Songs,Slow Down (Jason Nevins Remix),Slow Down (Remixes),0.6244
Praise You,Unreleased Songs,Slow Down (Danny Verde Remix),Slow Down (Remixes),0.6059
Praise You,Unreleased Songs,Stay Alive,,0.6737
Praise You,Unreleased Songs,Come & Get It (Fred Falke Club Remix),Come & Get It (Remixes),0.6023
Expressing Myself,Unreleased Songs,Congratulations to Me,Unreleased Songs,0.6638
Expressing Myself,Unreleased Songs,Fetish (Galantis Remix),Helix (Volume 1),0.6968
Expressing Myself,Unreleased Songs,You Don’t Own Me (Cover) / Me & My Girls,,0.635
Expressing Myself,Unreleased Songs,Unfamiliar (Demo),Unreleased Songs,0.7168
Expressing Myself,Unreleased Songs,Love’s Not Over,Unreleased Songs,0.6628
Expressing Myself,Unreleased Songs,Good For You (Kasbo Remix),Good for You (Remixes),0.741
Expressing Myself,Unreleased Songs,Good for You (Single Version),,0.6538
Expressing Myself,Unreleased Songs,Good For You (AKZEL Remix),,0.6967
Expressing Myself,Unreleased Songs,Good For You (Phantoms Remix),,0.7218
Expressing Myself,Unreleased Songs,Good For You (Nebbra Remix),Good for You (Remixes),0.7472
Expressing Myself,Unreleased Songs,Love Will Remember (Demo),Unreleased Songs,0.6094
Expressing Myself,Unreleased Songs,Good For You (Yellow Claw & Cesqeaux Remix),Good for You (Remixes),0.7458
Expressing Myself,Unreleased Songs,Same Old Love (Borgore Remix),Same Old Love (Remixes),0.7946
Expressing Myself,Unreleased Songs,Same Old Love (Filous Remix),Same Old Love (Remixes),0.7914
Expressing Myself,Unreleased Songs,Same Old Love (Romos Remix),Same Old Love (Remixes),0.765
Expressing Myself,Unreleased Songs,Same Old Love (Wuki Remix),Same Old Love (Remixes),0.7879
Congratulations to Me,Unreleased Songs,Unfamiliar (Demo),Unreleased Songs,0.6572
Congratulations to Me,Unreleased Songs,Love’s Not Over,Unreleased Songs,0.6427
Congratulations to Me,Unreleased Songs,Good For You (Kasbo Remix),Good for You (Remixes),0.6408
Congratulations to Me,Unreleased Songs,Good For You (Phantoms Remix),,0.6257
Congratulations to Me,Unreleased Songs,Good For You (Nebbra Remix),Good for You (Remixes),0.6736
Congratulations to Me,Unreleased Songs,Good For You (Yellow Claw & Cesqeaux Remix),Good for You (Remixes),0.6551
Congratulations to Me,Unreleased Songs,Same Old Love (Borgore Remix),Same Old Love (Remixes),0.6276
Congratulations to Me,Unreleased Songs,Same Old Love (Filous Remix),Same Old Love (Remixes),0.6259
Congratulations to Me,Unreleased Songs,Same Old Love (Wuki Remix),Same Old Love (Remixes),0.6259
Give You Up,Unreleased Songs,Make It Happen,,0.6293
Give You Up,Unreleased Songs,Back to You (Anki Remix),,0.625
Give You Up,Unreleased Songs,Back To You (Kennedy Remix),,0.649
Give You Up,Unreleased Songs,Back To You (Nightcore Remix),,0.6167
Give You Up,Unreleased Songs,The Heart Wants What It Wants (Nightcore Remix),,1.0
Fetish (Galantis Remix),Helix (Volume 1),You Don’t Own Me (Cover) / Me & My Girls,,0.6138
Fetish (Galantis Remix),Helix (Volume 1),Unfamiliar (Demo),Unreleased Songs,0.6173
Fetish (Galantis Remix),Helix (Volume 1),Good For You (Kasbo Remix),Good for You (Remixes),0.723
Fetish (Galantis Remix),Helix (Volume 1),Good for You (Single Version),,0.6023
Fetish (Galantis Remix),Helix (Volume 1),Good For You (AKZEL Remix),,0.6461
Fetish (Galantis Remix),Helix (Volume 1),Good For You (Phantoms Remix),,0.6552
Fetish (Galantis Remix),Helix (Volume 1),Good For You (Nebbra Remix),Good for You (Remixes),0.7018
Fetish (Galantis Remix),Helix (Volume 1),Fetish (Single Version),,0.8548
Fetish (Galantis Remix),Helix (Volume 1),Good For You (Yellow Claw & Cesqeaux Remix),Good for You (Remixes),0.6627
Fetish (Galantis Remix),Helix (Volume 1),Same Old Love (Borgore Remix),Same Old Love (Remixes),0.6851
Fetish (Galantis Remix),Helix (Volume 1),Same Old Love (Filous Remix),Same Old Love (Remixes),0.6946
Fetish (Galantis Remix),Helix (Volume 1),Same Old Love (Romos Remix),Same Old Love (Remixes),0.6704
Fetish (Galantis Remix),Helix (Volume 1),Same Old Love (Wuki Remix),Same Old Love (Remixes),0.6926
Make It Happen,,The Heart Wants What It Wants (Nightcore Remix),,0.6293
Bang A Drum,Another Cinderella Story - EP,Shake It Up (Theme Song) [Cole Plante Reboot Remix],Shake It Up: I ♡ Dance,0.6382
Bang A Drum,Another Cinderella Story - EP,Bang,Unreleased Songs,0.6639
Disappear,Wizards of Waverly Place (Songs From & Inspired By the TV Series & Movie),Magical,Wizards of Waverly Place (Songs From & Inspired By the TV Series & Movie),0.6088
You Don’t Own Me (Cover) / Me & My Girls,,Love’s Not Over,Unreleased Songs,0.6164
You Don’t Own Me (Cover) / Me & My Girls,,Good For You (Kasbo Remix),Good for You (Remixes),0.6225
You Don’t Own Me (Cover) / Me & My Girls,,Good For You (Yellow Claw & Cesqeaux Remix),Good for You (Remixes),0.6069
You Don’t Own Me (Cover) / Me & My Girls,,Same Old Love (Borgore Remix),Same Old Love (Remixes),0.6172
You Don’t Own Me (Cover) / Me & My Girls,,Same Old Love (Filous Remix),Same Old Love (Remixes),0.6185
You Don’t Own Me (Cover) / Me & My Girls,,Same Old Love (Romos Remix),Same Old Love (Remixes),0.6226
You Don’t Own Me (Cover) / Me & My Girls,,Same Old Love (Wuki Remix),Same Old Love (Remixes),0.6255
Forget Forever (ST£FAN Remix),For You,Magical,Wizards of Waverly Place (Songs From & Inspired By the TV Series & Movie),0.6592
Forget Forever (ST£FAN Remix),For You,A Year Without Rain (Dave Audé Radio Remix),For You,0.6163
Forget Forever (ST£FAN Remix),For You,Lose You To Love Me (Demo Version),,0.6885
Forget Forever (ST£FAN Remix),For You,Great Escape,Unreleased Songs,0.6019
Forget Forever (ST£FAN Remix),For You,Back to You (Anki Remix),,0.6146
Forget Forever (ST£FAN Remix),For You,Feel Me (Live from Revival Tour),,0.6564
Forget Forever (ST£FAN Remix),For You,Back To You (Kennedy Remix),,0.6673
Forget Forever (ST£FAN Remix),For You,Back To You (Nightcore Remix),,0.6283
Forget Forever (ST£FAN Remix),For You,My World,,0.7327
Magical,Wizards of Waverly Place (Songs From & Inspired By the TV Series & Movie),Back to You (Anki Remix),,0.6347
Magical,Wizards of Waverly Place (Songs From & Inspired By the TV Series & Movie),Back To You (Kennedy Remix),,0.6534
Magical,Wizards of Waverly Place (Songs From & Inspired By the TV Series & Movie),Back To You (Nightcore Remix),,0.6413
Shake It Up (Theme Song) [Cole Plante Reboot Remix],Shake It Up: I ♡ Dance,Redlight,,0.6296
Shake It Up (Theme Song) [Cole Plante Reboot Remix],Shake It Up: I ♡ Dance,Bang,Unreleased Songs,0.6519
Shake It Up (Theme Song) [Cole Plante Reboot Remix],Shake It Up: I ♡ Dance,Slow Down (Paolo Ortelli & Luke Degree Remix),Slow Down (Remixes),0.6578
Shake It Up (Theme Song) [Cole Plante Reboot Remix],Shake It Up: I ♡ Dance,Come & Get It (Cosmic Dawn Club Remix),Slow Down - EP,0.6049
Shake It Up (Theme Song) [Cole Plante Reboot Remix],Shake It Up: I ♡ Dance,Slow Down (Chew Fu Refix),Slow Down (Remixes),0.671
Shake It Up (Theme Song) [Cole Plante Reboot Remix],Shake It Up: I ♡ Dance,Slow Down (DJLW Remix),Slow Down (Remixes),0.6578
Shake It Up (Theme Song) [Cole Plante Reboot Remix],Shake It Up: I ♡ Dance,Good For You (Yellow Claw & Cesqeaux Remix),Good for You (Remixes),0.6158
Shake It Up (Theme Song) [Cole Plante Reboot Remix],Shake It Up: I ♡ Dance,Slow Down (Jason Nevins Remix),Slow Down (Remixes),0.657
Shake It Up (Theme Song) [Cole Plante Reboot Remix],Shake It Up: I ♡ Dance,Come & Get It (Fred Falke Club Remix),Come & Get It (Remixes),0.6384
A Year Without Rain (Dave Audé Radio Remix),For You,Lose You To Love Me (Demo Version),,0.6071
A Year Without Rain (Dave Audé Radio Remix),For You,Great Escape,Unreleased Songs,0.6472
A Year Without Rain (Dave Audé Radio Remix),For You,Feel Me (Live from Revival Tour),,0.653
A Year Without Rain (Dave Audé Radio Remix),For You,Back To You (Kennedy Remix),,0.6155
A Year Without Rain (Dave Audé Radio Remix),For You,Stay Alive,,0.6324
Redlight,,Slow Down (Paolo Ortelli & Luke Degree Remix),Slow Down (Remixes),0.6206
Redlight,,Come & Get It (Cosmic Dawn Club Remix),Slow Down - EP,0.655
Redlight,,Feel Me (Live from Revival Tour),,0.6254
Redlight,,Slow Down (Chew Fu Refix),Slow Down (Remixes),0.6616
Redlight,,Come & Get It (Jump Smokers Extended Remix),Stars Dance,0.6222
Redlight,,Slow Down (Smash Mode Remix),Slow Down (Remixes),0.609
Redlight,,Slow Down (DJLW Remix),Slow Down (Remixes),0.6206
Redlight,,Slow Down (Jason Nevins Remix),Slow Down (Remixes),0.6305
Redlight,,Come & Get It (Fred Falke Club Remix),Come & Get It (Remixes),0.6747
Unfamiliar (Demo),Unreleased Songs,Love’s Not Over,Unreleased Songs,0.6855
Unfamiliar (Demo),Unreleased Songs,Good For You (Kasbo Remix),Good for You (Remixes),0.6109
Unfamiliar (Demo),Unreleased Songs,Good For You (Phantoms Remix),,0.6134
Unfamiliar (Demo),Unreleased Songs,Good For You (Nebbra Remix),Good for You (Remixes),0.654
Unfamiliar (Demo),Unreleased Songs,Love Will Remember (Demo),Unreleased Songs,0.6927
Unfamiliar (Demo),Unreleased Songs,Good For You (Yellow Claw & Cesqeaux Remix),Good for You (Remixes),0.6227
Unfamiliar (Demo),Unreleased Songs,Same Old Love (Borgore Remix),Same Old Love (Remixes),0.6711
Unfamiliar (Demo),Unreleased Songs,Same Old Love (Filous Remix),Same Old Love (Remixes),0.6634
Unfamiliar (Demo),Unreleased Songs,Same Old Love (Romos Remix),Same Old Love (Remixes),0.6623
Unfamiliar (Demo),Unreleased Songs,Same Old Love (Wuki Remix),Same Old Love (Remixes),0.6816
Bang,Unreleased Songs,Slow Down (Paolo Ortelli & Luke Degree Remix),Slow Down (Remixes),0.6402
Bang,Unreleased Songs,Slow Down (Chew Fu Refix),Slow Down (Remixes),0.6183
Bang,Unreleased Songs,Slow Down (Smash Mode Remix),Slow Down (Remixes),0.6227
Bang,Unreleased Songs,Slow Down (DJLW Remix),Slow Down (Remixes),0.6402
Bang,Unreleased Songs,Slow Down (Jason Nevins Remix),Slow Down (Remixes),0.6531
Lose You To Love Me (Demo Version),,Feel Me (Demo),Unreleased Songs,0.6245
Lose You To Love Me (Demo Version),,Feel Me (Live from Revival Tour),,0.6869
Lose You To Love Me (Demo Version),,Back To You (Kennedy Remix),,0.6009
Lose You To Love Me (Demo Version),,My World,,0.6714
Lose You To Love Me (Demo Version),,Stay Alive,,0.6144
Great Escape,Unreleased Songs,Slow Down (Paolo Ortelli & Luke Degree Remix),Slow Down (Remixes),0.6108
Great Escape,Unreleased Songs,Feel Me (Demo),Unreleased Songs,0.6557
Great Escape,Unreleased Songs,Back to You (Anki Remix),,0.6103
Great Escape,Unreleased Songs,Feel Me (Live from Revival Tour),,0.6922
Great Escape,Unreleased Songs,Back To You (Kennedy Remix),,0.6224
Great Escape,Unreleased Songs,Slow Down (Smash Mode Remix),Slow Down (Remixes),0.6689
Great Escape,Unreleased Songs,Slow Down (DJLW Remix),Slow Down (Remixes),0.6108
Great Escape,Unreleased Songs,Same Old Love (Borgore Remix),Same Old Love (Remixes),0.6088
Great Escape,Unreleased Songs,Slow Down (Jason Nevins Remix),Slow Down (Remixes),0.6245
Great Escape,Unreleased Songs,Slow Down (Danny Verde Remix),Slow Down (Remixes),0.6112
Great Escape,Unreleased Songs,Same Old Love (Filous Remix),Same Old Love (Remixes),0.6155
Great Escape,Unreleased Songs,Same Old Love (Wuki Remix),Same Old Love (Remixes),0.6168
Slow Down (Paolo Ortelli & Luke Degree Remix),Slow Down (Remixes),Come & Get It (Cosmic Dawn Club Remix),Slow Down - EP,0.6145
Slow Down (Paolo Ortelli & Luke Degree Remix),Slow Down (Remixes),Slow Down (Chew Fu Refix),Slow Down (Remixes),0.9332
Slow Down (Paolo Ortelli & Luke Degree Remix),Slow Down (Remixes),Slow Down (Smash Mode Remix),Slow Down (Remixes),0.9226
Slow Down (Paolo Ortelli & Luke Degree Remix),Slow Down (Remixes),Slow Down (DJLW Remix),Slow Down (Remixes),1.0
Slow Down (Paolo Ortelli & Luke Degree Remix),Slow Down (Remixes),Slow Down (Jason Nevins Remix),Slow Down (Remixes),0.9913
Slow Down (Paolo Ortelli & Luke Degree Remix),Slow Down (Remixes),Slow Down (Danny Verde Remix),Slow Down (Remixes),0.8821
Slow Down (Paolo Ortelli & Luke Degree Remix),Slow Down (Remixes),Come & Get It (Fred Falke Club Remix),Come & Get It (Remixes),0.604
Love’s Not Over,Unreleased Songs,Good For You (Kasbo Remix),Good for You (Remixes),0.6462
Love’s Not Over,Unreleased Songs,Good for You (Single Version),,0.6034
Love’s Not Over,Unreleased Songs,Good For You (Nebbra Remix),Good for You (Remixes),0.6551
Love’s Not Over,Unreleased Songs,Good For You (Yellow Claw & Cesqeaux Remix),Good for You (Remixes),0.6767
Love’s Not Over,Unreleased Songs,Same Old Love (Borgore Remix),Same Old Love (Remixes),0.6419
Love’s Not Over,Unreleased Songs,Same Old Love (Filous Remix),Same Old Love (Remixes),0.6474
Love’s Not Over,Unreleased Songs,Same Old Love (Romos Remix),Same Old Love (Remixes),0.6285
Love’s Not Over,Unreleased Songs,Same Old Love (Wuki Remix),Same Old Love (Remixes),0.6411
Come & Get It (Cosmic Dawn Club Remix),Slow Down - EP,Back to You (Anki Remix),,0.6127
Come & Get It (Cosmic Dawn Club Remix),Slow Down - EP,Feel Me (Live from Revival Tour),,0.6418
Come & Get It (Cosmic Dawn Club Remix),Slow Down - EP,Slow Down (Chew Fu Refix),Slow Down (Remixes),0.643
Come & Get It (Cosmic Dawn Club Remix),Slow Down - EP,Come & Get It (Jump Smokers Extended Remix),Stars Dance,0.9553
Come & Get It (Cosmic Dawn Club Remix),Slow Down - EP,Slow Down (Smash Mode Remix),Slow Down (Remixes),0.6068
Come & Get It (Cosmic Dawn Club Remix),Slow Down - EP,Slow Down (DJLW Remix),Slow Down (Remixes),0.6145
Come & Get It (Cosmic Dawn Club Remix),Slow Down - EP,Slow Down (Jason Nevins Remix),Slow Down (Remixes),0.6302
Come & Get It (Cosmic Dawn Club Remix),Slow Down - EP,Come & Get It (Cahill Club Remix),Come & Get It (Remixes),0.924
Come & Get It (Cosmic Dawn Club Remix),Slow Down - EP,Come & Get It (Robert DeLong Remix),Come & Get It (Remixes),0.7083
Come & Get It (Cosmic Dawn Club Remix),Slow Down - EP,Come & Get It (Dave Audé Club Remix),Come & Get It (Remixes),0.9316
Come & Get It (Cosmic Dawn Club Remix),Slow Down - EP,Come & Get It (DJ M3 Mixshow Extended Remix),Come & Get It (Remixes),0.9212
Come & Get It (Cosmic Dawn Club Remix),Slow Down - EP,Come & Get It (Fred Falke Club Remix),Come & Get It (Remixes),0.9765
Kill Em with Kindness (Felix Cartal Remix),Kill Em With Kindness (Remixes),Kill Em With Kindness (MAGIX Radio Edit),,0.9728
Kill Em with Kindness (Felix Cartal Remix),Kill Em With Kindness (Remixes),Kill Em with Kindness (River Tiber Remix),Kill Em With Kindness (Remixes),1.0
Kill Em with Kindness (Felix Cartal Remix),Kill Em With Kindness (Remixes),Kill Em with Kindness (Young Bombs Remix),Kill Em With Kindness (Remixes),1.0
Kill Em With Kindness (MAGIX Radio Edit),,Kill Em with Kindness (River Tiber Remix),Kill Em With Kindness (Remixes),0.9728
Kill Em With Kindness (MAGIX Radio Edit),,Kill Em with Kindness (Young Bombs Remix),Kill Em With Kindness (Remixes),0.9728
Feel Me (Demo),Unreleased Songs,Feel Me (Live from Revival Tour),,0.9023
Back to You (Anki Remix),,Back To You (Kennedy Remix),,0.9018
Back to You (Anki Remix),,Same Old Love (Borgore Remix),Same Old Love (Remixes),0.6103
Back to You (Anki Remix),,Slow Down (Jason Nevins Remix),Slow Down (Remixes),0.6022
Back to You (Anki Remix),,Same Old Love (Filous Remix),Same Old Love (Remixes),0.6198
Back to You (Anki Remix),,Back To You (Nightcore Remix),,0.9155
Back to You (Anki Remix),,The Heart Wants What It Wants (Nightcore Remix),,0.625
Back to You (Anki Remix),,Same Old Love (Wuki Remix),Same Old Love (Remixes),0.6024
Back to You (Anki Remix),,Come & Get It (Fred Falke Club Remix),Come & Get It (Remixes),0.6238
Good For You (Kasbo Remix),Good for You (Remixes),Good for You (Single Version),,0.8778
Good For You (Kasbo Remix),Good for You (Remixes),Good For You (AKZEL Remix),,0.886
Good For You (Kasbo Remix),Good for You (Remixes),Good For You (Phantoms Remix),,0.8449
Good For You (Kasbo Remix),Good for You (Remixes),Good For You (Nebbra Remix),Good for You (Remixes),0.9454
Good For You (Kasbo Remix),Good for You (Remixes),Good For You (Yellow Claw & Cesqeaux Remix),Good for You (Remixes),0.8754
Good For You (Kasbo Remix),Good for You (Remixes),Same Old Love (Borgore Remix),Same Old Love (Remixes),0.6686
Good For You (Kasbo Remix),Good for You (Remixes),Same Old Love (Filous Remix),Same Old Love (Remixes),0.6873
Good For You (Kasbo Remix),Good for You (Remixes),Same Old Love (Romos Remix),Same Old Love (Remixes),0.6292
Good For You (Kasbo Remix),Good for You (Remixes),Same Old Love (Wuki Remix),Same Old Love (Remixes),0.6614
Good for You (Single Version),,Good For You (AKZEL Remix),,0.855
Good for You (Single Version),,Good For You (Phantoms Remix),,0.7995
Good for You (Single Version),,Good For You (Nebbra Remix),Good for You (Remixes),0.9198
Good for You (Single Version),,Good For You (Yellow Claw & Cesqeaux Remix),Good for You (Remixes),0.8443
Good For You (AKZEL Remix),,Good For You (Phantoms Remix),,0.8072
Good For You (AKZEL Remix),,Good For You (Nebbra Remix),Good for You (Remixes),0.8855
Good For You (AKZEL Remix),,Good For You (Yellow Claw & Cesqeaux Remix),Good for You (Remixes),0.8467
Good For You (AKZEL Remix),,Same Old Love (Borgore Remix),Same Old Love (Remixes),0.6148
Good For You (AKZEL Remix),,Same Old Love (Filous Remix),Same Old Love (Remixes),0.6394
Good For You (AKZEL Remix),,Same Old Love (Wuki Remix),Same Old Love (Remixes),0.6065
Good For You (Phantoms Remix),,Good For You (Nebbra Remix),Good for You (Remixes),0.8885
Good For You (Phantoms Remix),,Good For You (Yellow Claw & Cesqeaux Remix),Good for You (Remixes),0.8478
Good For You (Phantoms Remix),,Same Old Love (Borgore Remix),Same Old Love (Remixes),0.615
Good For You (Phantoms Remix),,Same Old Love (Filous Remix),Same Old Love (Remixes),0.6198
Good For You (Phantoms Remix),,Same Old Love (Wuki Remix),Same Old Love (Remixes),0.6067
Feel Me (Live from Revival Tour),,Come & Get It (Jump Smokers Extended Remix),Stars Dance,0.629
Feel Me (Live from Revival Tour),,Back To You (Kennedy Remix),,0.6478
Feel Me (Live from Revival Tour),,Slow Down (Smash Mode Remix),Slow Down (Remixes),0.6069
Feel Me (Live from Revival Tour),,Slow Down (Jason Nevins Remix),Slow Down (Remixes),0.6165
Feel Me (Live from Revival Tour),,Come & Get It (Cahill Club Remix),Come & Get It (Remixes),0.607
Feel Me (Live from Revival Tour),,Back To You (Nightcore Remix),,0.6073
Feel Me (Live from Revival Tour),,Stay Alive,,0.606
Feel Me (Live from Revival Tour),,Come & Get It (Dave Audé Club Remix),Come & Get It (Remixes),0.6167
Feel Me (Live from Revival Tour),,Come & Get It (Fred Falke Club Remix),Come & Get It (Remixes),0.642
Rare (Live From The Village Studio),,Rare (80's Version),,0.9807
Slow Down (Chew Fu Refix),Slow Down (Remixes),Come & Get It (Jump Smokers Extended Remix),Stars Dance,0.6208
Slow Down (Chew Fu Refix),Slow Down (Remixes),Slow Down (Smash Mode Remix),Slow Down (Remixes),0.8843
Slow Down (Chew Fu Refix),Slow Down (Remixes),Slow Down (DJLW Remix),Slow Down (Remixes),0.9332
Slow Down (Chew Fu Refix),Slow Down (Remixes),Slow Down (Jason Nevins Remix),Slow Down (Remixes),0.946
Slow Down (Chew Fu Refix),Slow Down (Remixes),Slow Down (Danny Verde Remix),Slow Down (Remixes),0.8379
Slow Down (Chew Fu Refix),Slow Down (Remixes),Come & Get It (Fred Falke Club Remix),Come & Get It (Remixes),0.6348
Come & Get It (Jump Smokers Extended Remix),Stars Dance,Slow Down (Jason Nevins Remix),Slow Down (Remixes),0.6151
Come & Get It (Jump Smokers Extended Remix),Stars Dance,Come & Get It (Cahill Club Remix),Come & Get It (Remixes),0.928
Come & Get It (Jump Smokers Extended Remix),Stars Dance,Come & Get It (Robert DeLong Remix),Come & Get It (Remixes),0.7138
Come & Get It (Jump Smokers Extended Remix),Stars Dance,Come & Get It (Dave Audé Club Remix),Come & Get It (Remixes),0.9343
Come & Get It (Jump Smokers Extended Remix),Stars Dance,Come & Get It (DJ M3 Mixshow Extended Remix),Come & Get It (Remixes),0.9289
Come & Get It (Jump Smokers Extended Remix),Stars Dance,Come & Get It (Fred Falke Club Remix),Come & Get It (Remixes),0.95
Good For You (Nebbra Remix),Good for You (Remixes),Good For You (Yellow Claw & Cesqeaux Remix),Good for You (Remixes),0.868
Good For You (Nebbra Remix),Good for You (Remixes),Same Old Love (Borgore Remix),Same Old Love (Remixes),0.6551
Good For You (Nebbra Remix),Good for You (Remixes),Same Old Love (Filous Remix),Same Old Love (Remixes),0.6674
Good For You (Nebbra Remix),Good for You (Remixes),Same Old Love (Romos Remix),Same Old Love (Remixes),0.6132
Good For You (Nebbra Remix),Good for You (Remixes),Same Old Love (Wuki Remix),Same Old Love (Remixes),0.6461
Back To You (Kennedy Remix),,Same Old Love (Borgore Remix),Same Old Love (Remixes),0.6165
Back To You (Kennedy Remix),,Same Old Love (Filous Remix),Same Old Love (Remixes),0.6138
Back To You (Kennedy Remix),,Same Old Love (Romos Remix),Same Old Love (Remixes),0.6109
Back To You (Kennedy Remix),,Back To You (Nightcore Remix),,0.9274
Back To You (Kennedy Remix),,My World,,0.608
Back To You (Kennedy Remix),,The Heart Wants What It Wants (Nightcore Remix),,0.649
Back To You (Kennedy Remix),,Same Old Love (Wuki Remix),Same Old Love (Remixes),0.6094
Slow Down (Smash Mode Remix),Slow Down (Remixes),Slow Down (DJLW Remix),Slow Down (Remixes),0.9226
Slow Down (Smash Mode Remix),Slow Down (Remixes),Slow Down (Jason Nevins Remix),Slow Down (Remixes),0.9243
Slow Down (Smash Mode Remix),Slow Down (Remixes),Slow Down (Danny Verde Remix),Slow Down (Remixes),0.9155
Love Will Remember (Demo),Unreleased Songs,Same Old Love (Borgore Remix),Same Old Love (Remixes),0.6416
Love Will Remember (Demo),Unreleased Songs,Same Old Love (Filous Remix),Same Old Love (Remixes),0.6141
Love Will Remember (Demo),Unreleased Songs,Same Old Love (Romos Remix),Same Old Love (Remixes),0.66
Love Will Remember (Demo),Unreleased Songs,Same Old Love (Wuki Remix),Same Old Love (Remixes),0.6538
Slow Down (DJLW Remix),Slow Down (Remixes),Slow Down (Jason Nevins Remix),Slow Down (Remixes),0.9913
Slow Down (DJLW Remix),Slow Down (Remixes),Slow Down (Danny Verde Remix),Slow Down (Remixes),0.8821
Slow Down (DJLW Remix),Slow Down (Remixes),Come & Get It (Fred Falke Club Remix),Come & Get It (Remixes),0.604
Good For You (Yellow Claw & Cesqeaux Remix),Good for You (Remixes),Same Old Love (Borgore Remix),Same Old Love (Remixes),0.6778
Good For You (Yellow Claw & Cesqeaux Remix),Good for You (Remixes),Same Old Love (Filous Remix),Same Old Love (Remixes),0.6891
Good For You (Yellow Claw & Cesqeaux Remix),Good for You (Remixes),Same Old Love (Romos Remix),Same Old Love (Remixes),0.6479
Good For You (Yellow Claw & Cesqeaux Remix),Good for You (Remixes),Same Old Love (Wuki Remix),Same Old Love (Remixes),0.6716
Kill Em with Kindness (River Tiber Remix),Kill Em With Kindness (Remixes),Kill Em with Kindness (Young Bombs Remix),Kill Em With Kindness (Remixes),1.0
Same Old Love (Borgore Remix),Same Old Love (Remixes),Same Old Love (Filous Remix),Same Old Love (Remixes),0.9599
Same Old Love (Borgore Remix),Same Old Love (Remixes),Same Old Love (Romos Remix),Same Old Love (Remixes),0.9614
Same Old Love (Borgore Remix),Same Old Love (Remixes),Back To You (Nightcore Remix),,0.6069
Same Old Love (Borgore Remix),Same Old Love (Remixes),Same Old Love (Wuki Remix),Same Old Love (Remixes),0.9911
Slow Down (Jason Nevins Remix),Slow Down (Remixes),Slow Down (Danny Verde Remix),Slow Down (Remixes),0.886
Slow Down (Jason Nevins Remix),Slow Down (Remixes),Come & Get It (Fred Falke Club Remix),Come & Get It (Remixes),0.6195
Come & Get It (Cahill Club Remix),Come & Get It (Remixes),Come & Get It (Robert DeLong Remix),Come & Get It (Remixes),0.7691
Come & Get It (Cahill Club Remix),Come & Get It (Remixes),Come & Get It (Dave Audé Club Remix),Come & Get It (Remixes),0.9681
Come & Get It (Cahill Club Remix),Come & Get It (Remixes),Come & Get It (DJ M3 Mixshow Extended Remix),Come & Get It (Remixes),0.9637
Come & Get It (Cahill Club Remix),Come & Get It (Remixes),Come & Get It (Fred Falke Club Remix),Come & Get It (Remixes),0.9206
Same Old Love (Filous Remix),Same Old Love (Remixes),Same Old Love (Romos Remix),Same Old Love (Remixes),0.9274
Same Old Love (Filous Remix),Same Old Love (Remixes),Back To You (Nightcore Remix),,0.6087
Same Old Love (Filous Remix),Same Old Love (Remixes),Same Old Love (Wuki Remix),Same Old Love (Remixes),0.9536
Same Old Love (Romos Remix),Same Old Love (Remixes),Back To You (Nightcore Remix),,0.6042
Same Old Love (Romos Remix),Same Old Love (Remixes),Same Old Love (Wuki Remix),Same Old Love (Remixes),0.9732
Back To You (Nightcore Remix),,The Heart Wants What It Wants (Nightcore Remix),,0.6167
Back To You (Nightcore Remix),,Same Old Love (Wuki Remix),Same Old Love (Remixes),0.6035
Come & Get It (Robert DeLong Remix),Come & Get It (Remixes),Come & Get It (Dave Audé Club Remix),Come & Get It (Remixes),0.7685
Come & Get It (Robert DeLong Remix),Come & Get It (Remixes),Come & Get It (DJ M3 Mixshow Extended Remix),Come & Get It (Remixes),0.7698
Come & Get It (Robert DeLong Remix),Come & Get It (Remixes),Come & Get It (Fred Falke Club Remix),Come & Get It (Remixes),0.6882
Come & Get It (Dave Audé Club Remix),Come & Get It (Remixes),Come & Get It (DJ M3 Mixshow Extended Remix),Come & Get It (Remixes),0.9684
Come & Get It (Dave Audé Club Remix),Come & Get It (Remixes),Come & Get It (Fred Falke Club Remix),Come & Get It (Remixes),0.9202
Come & Get It (DJ M3 Mixshow Extended Remix),Come & Get It (Remixes),Come & Get It (Fred Falke Club Remix),Come & Get It (Remixes),0.9027
Hands to Myself (Betablock3r Remix),Hands to Myself (Remixes),Hands to Myself (Fareoh Remix),Hands to Myself (Remixes),0.931
